{
    "simple_nn": {
        "subset_accuracy": 0.44416666666666665,
        "hamming_loss": 0.12027777777777778,
        "f1_micro": 0.5540679711637486,
        "f1_macro": 0.5431271574923929,
        "f1_weighted": 0.5473912872666895,
        "f1_samples": 0.4469444444444445,
        "classification_report": {
            "спорт": {
                "precision": 0.6917808219178082,
                "recall": 0.4855769230769231,
                "f1-score": 0.5706214689265536,
                "support": 208.0
            },
            "юмор": {
                "precision": 0.7886178861788617,
                "recall": 0.46411483253588515,
                "f1-score": 0.5843373493975904,
                "support": 209.0
            },
            "реклама": {
                "precision": 0.7266187050359713,
                "recall": 0.5126903553299492,
                "f1-score": 0.6011904761904762,
                "support": 197.0
            },
            "соцсети": {
                "precision": 0.5754716981132075,
                "recall": 0.3160621761658031,
                "f1-score": 0.4080267558528428,
                "support": 193.0
            },
            "политика": {
                "precision": 0.903448275862069,
                "recall": 0.6359223300970874,
                "f1-score": 0.7464387464387464,
                "support": 206.0
            },
            "личная жизнь": {
                "precision": 0.5662650602409639,
                "recall": 0.25133689839572193,
                "f1-score": 0.34814814814814815,
                "support": 187.0
            },
            "micro avg": {
                "precision": 0.7250673854447439,
                "recall": 0.4483333333333333,
                "f1-score": 0.5540679711637486,
                "support": 1200.0
            },
            "macro avg": {
                "precision": 0.7087004078914801,
                "recall": 0.44428391926689503,
                "f1-score": 0.5431271574923929,
                "support": 1200.0
            },
            "weighted avg": {
                "precision": 0.7124361524090567,
                "recall": 0.4483333333333333,
                "f1-score": 0.5473912872666895,
                "support": 1200.0
            },
            "samples avg": {
                "precision": 0.44625,
                "recall": 0.4483333333333333,
                "f1-score": 0.4469444444444445,
                "support": 1200.0
            }
        }
    },
    "random_forest": {
        "subset_accuracy": 0.41083333333333333,
        "hamming_loss": 0.13041666666666665,
        "f1_micro": 0.5245569620253164,
        "f1_macro": 0.5203972310760873,
        "f1_weighted": 0.5228108723760375,
        "f1_samples": 0.42472222222222217,
        "classification_report": {
            "спорт": {
                "precision": 0.6527777777777778,
                "recall": 0.4519230769230769,
                "f1-score": 0.5340909090909091,
                "support": 208.0
            },
            "юмор": {
                "precision": 0.6758620689655173,
                "recall": 0.4688995215311005,
                "f1-score": 0.5536723163841808,
                "support": 209.0
            },
            "реклама": {
                "precision": 0.7482993197278912,
                "recall": 0.5583756345177665,
                "f1-score": 0.6395348837209303,
                "support": 197.0
            },
            "соцсети": {
                "precision": 0.5376344086021505,
                "recall": 0.25906735751295334,
                "f1-score": 0.3496503496503496,
                "support": 193.0
            },
            "политика": {
                "precision": 0.9215686274509803,
                "recall": 0.4563106796116505,
                "f1-score": 0.6103896103896104,
                "support": 206.0
            },
            "личная жизнь": {
                "precision": 0.5,
                "recall": 0.3850267379679144,
                "f1-score": 0.4350453172205438,
                "support": 187.0
            },
            "micro avg": {
                "precision": 0.6683870967741935,
                "recall": 0.43166666666666664,
                "f1-score": 0.5245569620253164,
                "support": 1200.0
            },
            "macro avg": {
                "precision": 0.6726903670873862,
                "recall": 0.42993383467741025,
                "f1-score": 0.5203972310760873,
                "support": 1200.0
            },
            "weighted avg": {
                "precision": 0.676295411910902,
                "recall": 0.43166666666666664,
                "f1-score": 0.5228108723760375,
                "support": 1200.0
            },
            "samples avg": {
                "precision": 0.42125,
                "recall": 0.43166666666666664,
                "f1-score": 0.42472222222222217,
                "support": 1200.0
            }
        }
    },
    "logistic_regression": {
        "subset_accuracy": 0.4875,
        "hamming_loss": 0.12833333333333333,
        "f1_micro": 0.6486692015209126,
        "f1_macro": 0.6482340311850815,
        "f1_weighted": 0.651888249713861,
        "f1_samples": 0.6351388888888888,
        "classification_report": {
            "спорт": {
                "precision": 0.6533864541832669,
                "recall": 0.7884615384615384,
                "f1-score": 0.7145969498910676,
                "support": 208.0
            },
            "юмор": {
                "precision": 0.6169354838709677,
                "recall": 0.7320574162679426,
                "f1-score": 0.6695842450765864,
                "support": 209.0
            },
            "реклама": {
                "precision": 0.6448979591836734,
                "recall": 0.8020304568527918,
                "f1-score": 0.7149321266968326,
                "support": 197.0
            },
            "соцсети": {
                "precision": 0.5123152709359606,
                "recall": 0.538860103626943,
                "f1-score": 0.5252525252525253,
                "support": 193.0
            },
            "политика": {
                "precision": 0.7735849056603774,
                "recall": 0.7961165048543689,
                "f1-score": 0.7846889952153109,
                "support": 206.0
            },
            "личная жизнь": {
                "precision": 0.4059040590405904,
                "recall": 0.5882352941176471,
                "f1-score": 0.480349344978166,
                "support": 187.0
            },
            "micro avg": {
                "precision": 0.5965034965034965,
                "recall": 0.7108333333333333,
                "f1-score": 0.6486692015209126,
                "support": 1200.0
            },
            "macro avg": {
                "precision": 0.6011706888124727,
                "recall": 0.707626885696872,
                "f1-score": 0.6482340311850815,
                "support": 1200.0
            },
            "weighted avg": {
                "precision": 0.6050234945463366,
                "recall": 0.7108333333333333,
                "f1-score": 0.651888249713861,
                "support": 1200.0
            },
            "samples avg": {
                "precision": 0.5979166666666667,
                "recall": 0.7108333333333333,
                "f1-score": 0.6351388888888888,
                "support": 1200.0
            }
        }
    },
    "transformer": {
        "subset_accuracy": 0.9176237563024816,
        "hamming_loss": 0.0786593264889457,
        "f1_micro": 0.9576312918503552,
        "f1_macro": 0.9361743230896578,
        "f1_weighted": 0.9281830740019292,
        "f1_samples": 0.9594716949141402,
        "classification_report": {
            "спорт": {
                "precision": 0.9335363698274011,
                "recall": 0.8905458248346004,
                "f1-score": 0.9125880209596031,